{
  "group": "haha_funny_mod",
  "type": "minecraft:crafting_shaped",
  "pattern": [
    "012",
    "345",
    "678"
  ],
  "key": {
    "0": {
      "item": "minecraft:lapis_block"
    },
    "1": {
      "item": "minecraft:diamond"
    },
    "2": {
      "item": "minecraft:lapis_block"
    },
    "3": {
      "item": "minecraft:emerald"
    },
    "4": {
      "item": "minecraft:nether_star"
    },
    "5": {
      "item": "minecraft:gold_ingot"
    },
    "6": {
      "item": "minecraft:obsidian"
    },
    "7": {
      "item": "minecraft:obsidian"
    },
    "8": {
      "item": "minecraft:obsidian"
    }
  },
  "result": {
    "item": "haha_funny_mod:crystal",
    "count": 1
  }
}