{
  "group": "haha_funny_mod",
  "type": "minecraft:crafting_shaped",
  "pattern": [
    "012",
    "345",
    "678"
  ],
  "key": {
    "0": {
      "item": "minecraft:redstone_block"
    },
    "1": {
      "item": "minecraft:gold_block"
    },
    "2": {
      "item": "minecraft:diamond_block"
    },
    "3": {
      "item": "minecraft:nether_star"
    },
    "4": {
      "item": "haha_funny_mod:crystal"
    },
    "5": {
      "item": "minecraft:emerald_block"
    },
    "6": {
      "item": "haha_funny_mod:ingot"
    },
    "7": {
      "item": "minecraft:nether_star"
    },
    "8": {
      "item": "minecraft:iron_block"
    }
  },
  "result": {
    "item": "haha_funny_mod:rainbow_singularity",
    "count": 1
  }
}