{
  "display": {
    "background": "haha_funny_mod:textures/sakura_elysia_love.png",
    "icon": {
      "item": "haha_funny_mod:hahafunnysword"
    },
    "title": {
      "translate": "advancements.openhahapower.title"
    },
    "description": {
      "translate": "advancements.openhahapower.descr"
    },
    "frame": "goal",
    "show_toast": true,
    "announce_to_chat": true,
    "hidden": true
  },
  "criteria": {
    "openhahapower": {
      "trigger": "minecraft:inventory_changed",
      "conditions": {
        "items": [
          {
            "item": "haha_funny_mod:hahafunnysword",
            "count": {
              "min": 1,
              "max": 2147483647
            }
          }
        ]
      }
    }
  },
  "rewards": {
    "experience": 64000
  }
}